{"cameraMode":{"drawMode":0,"name":"Shaded","section":"Shading Mode"},"sceneLighting":true,"audioPlay":false,"sceneViewState":{"m_AlwaysRefresh":false,"showFog":true,"showSkybox":true,"showFlares":true,"showImageEffects":true,"showParticleSystems":true,"showVisualEffectGraphs":true,"m_FxEnabled":true},"in2DMode":false,"pivot":{"x":-0.3500995635986328,"y":0.0499793216586113,"z":-2.4634199142456056},"rotation":{"x":-0.48409923911094668,"y":-0.18208879232406617,"z":0.10341633856296539,"w":-0.849692165851593},"size":3.3345320224761965,"orthographic":false}